"input_prompt","generated_output"
"Question: One afternoon, a pilot was flying a small airplane when it suddenly ran out of gas. As he was coming in for an emergency landing, the plane crossed into a neighboring state at a very low altitude. At this time, a 9-year-old boy was walking to school when he was struck and injured by an object, which may have fallen from the plane. In federal court, a negligence suit was brought against the pilot by the father of the boy for his son. Accompanied by his father, the boy had visited an attorney for preliminary discussions regarding the case. However, the father did not retain the attorney to represent his son in the lawsuit. Instead, the father hired another lawyer to handle the case. At trial, the pilot's attorney calls the consulting attorney to testify what the boy had said to him regarding his physical condition during the consultation that the attorney had had with the boy and his father. The attorney's testimony is

Choices:
A. admissible, because the attorney-client privilege was waived by the filing of the lawsuit.
B. admissible,","this time, a 9-year-old boy was walking to school when he was struck and injured by an object, which may have fallen from the plane. In federal court, a negligence suit was brought against the pilot by the father of the boy for his son. Accompanied by his father, the boy had visited an attorney for preliminary discussions regarding the case. However, the father did not retain the attorney to represent his son in the lawsuit. Instead, the father hired another lawyer to handle the case. At trial, the pilot's attorney calls the consulting attorney to testify what the boy had said to him regarding his physical condition during the consultation that the attorney had had with the boy and his father. The attorney's testimony is

Choices:
A. admissible, because the attorney-client privilege was waived by the filing of the lawsuit.
B. admissible,,,,,,,,,,,,,,,,,,,,,,,,,,,,,,,,,,,,,,,,,,,,,,,,,,,"
"Question: A state statute provides: ""Whenever a person knows or should know that he (or she) is being arrested by a police officer, it is the duty of such person to refrain from using force or any weapon in resisting arrest. "" Violation of the statute is made punishable by fine and/or imprisonment. One morning, there was a bank robbery in the state. That afternoon, a police officer arrested a suspect who he believed was involved in the crime. However, the police officer and the suspect have given different accounts concerning what happened next. According to the police officer, after the suspect was apprehended, he resisted arrest and hit the police officer in the mouth with his fist. The police officer, who was momentarily stunned, pulled out his nightstick and struck the suspect over the head with it. On the other hand, the suspect claimed that after he was arrested, he cursed at the policeman, whereupon the police officer began hitting the suspect with his nightstick. To avoid being hit again, the suspect hit the police officer with his fist, knocking him down. The suspect was charged with assault. The suspect should be found

Cho","resisting arrest. "" Violation of the statute is made punishable by fine and/or imprisonment. One morning, there was a bank robbery in the state. That afternoon, a police officer arrested a suspect who he believed was involved in the crime. However, the police officer and the suspect have given different accounts concerning what happened next. According to the police officer, after the suspect was apprehended, he resisted arrest and hit the police officer in the mouth with his fist. The police officer, who was momentarily stunned, pulled out his nightstick and struck the suspect over the head with it. On the other hand, the suspect claimed that after he was arrested, he cursed at the policeman, whereupon the police officer began hitting the suspect with his nightstick. To avoid being hit again, the suspect hit the police officer with his fist, knocking him down. The suspect was charged with assault. The suspect should be found

ChoChoChoChoChoChoChoChoChoChoChoChoChoChoChoChoChoChoChoChoChoChoChoChoChoChoChoChoChoChoChoChoChoChoChoChoChoChoChoChoChoChoChoChoChoChoChoChoChoChoCho"
"Question: A taxpayer was notified by the government that her individual income tax was underpaid by $1,012. 69. The taxpayer retained an attorney to represent her in contesting the assessment. During the preparation of his client's case, the attorney suggested that it might be a good idea if the taxpayer hired an accountant to organize her records and prepare a financial statement for the year in question. Following the attorney's advice, the taxpayer consulted an accountant, an old family friend, who prepared a financial statement, which the attorney referred to at trial. During the trial, the attorney representing the government called the accountant to testif' about statements that the taxpayer made to him. The accountant's proposed testimony is

Choices:
A. inadmissible, because it would violate the attorney-client privilege.
B. inadmissible, because it would violate the taxpayer's privilege against self-incrimination.
C. inadmissible as violative of the work-product rule.
D. admissible as an ad","assessment. During the preparation of his client's case, the attorney suggested that it might be a good idea if the taxpayer hired an accountant to organize her records and prepare a financial statement for the year in question. Following the attorney's advice, the taxpayer consulted an accountant, an old family friend, who prepared a financial statement, which the attorney referred to at trial. During the trial, the attorney representing the government called the accountant to testif' about statements that the taxpayer made to him. The accountant's proposed testimony is

Choices:
A. inadmissible, because it would violate the attorney-client privilege.
B. inadmissible, because it would violate the taxpayer's privilege against self-incrimination.
C. inadmissible as violative of the work-product rule.
D. admissible as an ad ad ad ad ad ad ad ad ad ad ad ad ad ad ad ad ad ad ad ad ad ad ad ad ad ad ad ad ad ad ad ad ad ad ad ad ad ad ad ad ad ad ad ad ad ad ad ad ad ad ad"
"Question: A resident announced his candidacy for state representative. A law in the state requires new political entrants (regardless of party affiliation) to obtain three times the number of signatures as other candidates who have run for office previously. The resident, however, failed to obtain the necessary number of authenticating signatures to have his name placed on the ballot. The resident filed a complaint in federal district court alleging the unconstitutionality of the authenticating requirement. Which of the following, if established, is the state's strongest argument for sustaining the validity of the authenticating requirement?

Choices:
A. The resident's petition contained a large number of false signatures.
B. A similar authenticating statute was held to be constitutional in another state the previous year.
C. The authenticating requirement was necessary to further a compelling state interest.
D. Two other candidates had successfully petitioned to have their names included on the ballot.
Answer:","the unconstitutionality of the authenticating requirement. Which of the following, if established, is the state's strongest argument for sustaining the validity of the authenticating requirement?

Choices:
A. The resident's petition contained a large number of false signatures.
B. A similar authenticating statute was held to be constitutional in another state the previous year.
C. The authenticating requirement was necessary to further a compelling state interest.
D. Two other candidates had successfully petitioned to have their names included on the ballot.
Answer:</s></s></s></s></s></s></s></s></s></s></s></s></s></s></s></s></s></s></s></s></s></s></s></s></s></s></s></s></s></s></s></s></s></s></s></s></s></s></s></s></s></s></s></s></s></s></s></s></s></s></s></s></s></s></s></s></s></s></s></s></s></s></s></s></s></s></s></s></s></s></s></s></s></s></s></s></s></s></s></s></s></s></s></s></s></s></s></s></s></s></s></s></s></s></s></s></s></s></s></s></s></s></s></s></s></s></s></s></s></s></s></s></s></s></s></s></s></s></s></s></s></s></s></s></s></s></s></s></s></s></s></s>"
"Question: A defendant was angry at his friend for marrying the defendant's former girlfriend. As the friend was painting his house one afternoon, the defendant fired a shot from his gun at him. Although the shot missed the friend, the bullet struck and killed the friend's daughter. The defendant is subsequently charged with the first-degree murder of the daughter. The relevant statutes in effect in this jurisdiction are as follows:Section 169: Murder in the first degree is the unlawful and intentional killing of a human being with malice aforethought. Section 170: Malice is expressed when there is manifested a deliberate intention to take away the life of another. Which of the following, if established, would provide the defendant with his best defense?

Choices:
A. He intended to kill the friend and not the daughter.
B. He intended only to wound the friend.
C. He was unaware of the elements of malice.
D. The killing was the result of negligence in missing the friend.
Answer:","charged with the first-degree murder of the daughter. The relevant statutes in effect in this jurisdiction are as follows:Section 169: Murder in the first degree is the unlawful and intentional killing of a human being with malice aforethought. Section 170: Malice is expressed when there is manifested a deliberate intention to take away the life of another. Which of the following, if established, would provide the defendant with his best defense?

Choices:
A. He intended to kill the friend and not the daughter.
B. He intended only to wound the friend.
C. He was unaware of the elements of malice.
D. The killing was the result of negligence in missing the friend.
Answer:</s></s></s></s></s></s></s></s></s></s></s></s></s></s></s></s></s></s></s></s></s></s></s></s></s></s></s></s></s></s></s></s></s></s></s></s></s></s></s></s></s></s></s></s></s></s></s></s></s></s></s></s></s></s></s></s></s></s></s></s></s></s></s></s></s></s></s></s></s></s></s></s></s></s></s></s></s></s></s></s></s></s></s></s></s></s></s></s>"
"Question: The accused made a confession to the police, but his defense attorney needs to find out if the confession is admissible. In which of the following situations would a confession be inadmissible?

Choices:
A. The defendant's statement was involuntary.
B. The defendant's statement was voluntary.
C. The defendant was not in custody when the statement was made.
D. The statement was not made in response to a known police interrogation.
Answer:","</s></s></s></s></s></s></s></s></s></s></s></s></s></s></s></s></s></s></s></s></s></s></s></s></s></s></s></s></s></s></s></s></s></s></s></s></s></s></s></s></s></s></s></s></s></s></s></s></s></s></s></s></s></s></s></s></s></s></s></s></s></s></s></s></s></s></s></s></s></s></s></s></s></s></s></s></s></s></s></s></s></s></s></s></s></s></s></s></s></s></s></s></s></s></s></s></s></s></s></s></s></s></s></s></s></s></s></s></s></s></s></s></s></s></s></s></s></s></s></s></s></s></s></s></s></s></s></s></s></s></s></s></s></s></s></s></s></s></s></s></s></s></s></s></s></s></s></s></s></s></s></s></s></s></s></s></s></s></s></s></s></s></s></s></s></s></s></s></s></s></s></s></s></s></s></s></s></s></s></s></s></s></s></s></s></s></s></s></s></s></s></s></s></s></s></s></s></s></s></s></s></s></s></s></s></s></s></s></s></s></s></s></s></s></s></s></s></s></s></s></s></s></s></s></s></s></s></s></s></s></s></s></s></s></s></s></s></s></s></s></s></s></s></s></s></s></s></s></s></s></s></s></s></s></s></s></s>"
"Question: A devastating earthquake struck a foreign country. The earthquake destroyed hundreds of homes and buildings. Thousands of residents were killed, injured, and left homeless by the earthquake. The leader of the foreign country sought the assistance of the United States in providing emergency aid. The President initially wanted to send troops from a west coast military base but learned that they were out on training maneuvers. As a result, the President issued an executive order directing members of a federal agency under the supervision of the Immigration and Naturalization Service, to travel to the foreign country to engage in emergency rescue operations. This federal agency's main function is to patrol the borders to prevent illegal aliens from entering the United States. A member of this federal agency refused to comply with the executive order and assist in the relief effort. He claimed that participating in such operations in a foreign country is beyond the scope of his job responsibilities. He brought suit in federal court challenging the validity of the President's executive order. Assuming the member of the federal agency has adequate standing, the court should rule the executive order

Choices:
A. valid","the foreign country sought the assistance of the United States in providing emergency aid. The President initially wanted to send troops from a west coast military base but learned that they were out on training maneuvers. As a result, the President issued an executive order directing members of a federal agency under the supervision of the Immigration and Naturalization Service, to travel to the foreign country to engage in emergency rescue operations. This federal agency's main function is to patrol the borders to prevent illegal aliens from entering the United States. A member of this federal agency refused to comply with the executive order and assist in the relief effort. He claimed that participating in such operations in a foreign country is beyond the scope of his job responsibilities. He brought suit in federal court challenging the validity of the President's executive order. Assuming the member of the federal agency has adequate standing, the court should rule the executive order

Choices:
A. valid valid valid valid valid valid valid valid valid valid valid valid valid valid valid valid valid valid valid valid valid valid valid valid valid valid valid valid valid valid valid valid valid valid valid valid valid valid valid valid valid valid valid valid valid valid valid valid valid valid valid"
"Question: Which of the following is not a warrantless search exception?

Choices:
A. Cold pursuit
B. Incident to a lawful arrest
C. Plain view
D. Stop and frisk
Answer:","</s></s></s></s></s></s></s></s></s></s></s></s></s></s></s></s></s></s></s></s></s></s></s></s></s></s></s></s></s></s></s></s></s></s></s></s></s></s></s></s></s></s></s></s></s></s></s></s></s></s></s></s></s></s></s></s></s></s></s></s></s></s></s></s></s></s></s></s></s></s></s></s></s></s></s></s></s></s></s></s></s></s></s></s></s></s></s></s></s></s></s></s></s></s></s></s></s></s></s></s></s></s></s></s></s></s></s></s></s></s></s></s></s></s></s></s></s></s></s></s></s></s></s></s></s></s></s></s></s></s></s></s></s></s></s></s></s></s></s></s></s></s></s></s></s></s></s></s></s></s></s></s></s></s></s></s></s></s></s></s></s></s></s></s></s></s></s></s></s></s></s></s></s></s></s></s></s></s></s></s></s></s></s></s></s></s></s></s></s></s></s></s></s></s></s></s></s></s></s></s></s></s></s></s></s></s></s></s></s></s></s></s></s></s></s></s></s></s></s></s></s></s></s></s></s></s></s></s></s></s></s></s></s></s></s></s></s></s></s></s></s></s></s></s></s></s></s></s></s></s></s></s></s></s></s></s></s>"
